{"id_token": null, "client_secret": "RU0xgAkh4daibPxQ9Xv6PbeH", "_module": "oauth2client.client", "token_info_uri": "https://oauth2.googleapis.com/tokeninfo", "access_token": "ya29.GlweBvLBJ0I5X5ZmXJfkFjmA598cz71F_JrimnZhyTCG2xS_RPSOPkNLF4pigM1cDNt6pQzNiGwID3LXZYiLujyGdwWrkbRZCJefsJWmEvtC-bXWIHk7T7cd2oHkBg", "user_agent": null, "token_expiry": "2018-09-21T00:30:58Z", "revoke_uri": "https://oauth2.googleapis.com/revoke", "refresh_token": "1/817Ei0uKhPHH61_blYP8SCPM9fPBUMipNm31428OCYo", "client_id": "510880740117-7jgfd2qp5cbcv7da69g1qnu9igman9f2.apps.googleusercontent.com", "scopes": ["https://www.googleapis.com/auth/calendar"], "_class": "OAuth2Credentials", "token_response": {"expires_in": 3600, "access_token": "ya29.GlweBvLBJ0I5X5ZmXJfkFjmA598cz71F_JrimnZhyTCG2xS_RPSOPkNLF4pigM1cDNt6pQzNiGwID3LXZYiLujyGdwWrkbRZCJefsJWmEvtC-bXWIHk7T7cd2oHkBg", "token_type": "Bearer", "scope": "https://www.googleapis.com/auth/calendar"}, "invalid": false, "token_uri": "https://www.googleapis.com/oauth2/v3/token"}